<?xml version="1.0" encoding="UTF-8"?>

<mule xmlns:context="http://www.springframework.org/schema/context"
	xmlns:api-platform-gw="http://www.mulesoft.org/schema/mule/api-platform-gw" xmlns:http="http://www.mulesoft.org/schema/mule/http" xmlns:apikit="http://www.mulesoft.org/schema/mule/apikit" xmlns="http://www.mulesoft.org/schema/mule/core" xmlns:doc="http://www.mulesoft.org/schema/mule/documentation"
	xmlns:spring="http://www.springframework.org/schema/beans" 
	xmlns:xsi="http://www.w3.org/2001/XMLSchema-instance"
	xsi:schemaLocation="
http://www.springframework.org/schema/context http://www.springframework.org/schema/context/spring-context-current.xsd http://www.springframework.org/schema/beans http://www.springframework.org/schema/beans/spring-beans-current.xsd
http://www.mulesoft.org/schema/mule/core http://www.mulesoft.org/schema/mule/core/current/mule.xsd
http://www.mulesoft.org/schema/mule/http http://www.mulesoft.org/schema/mule/http/current/mule-http.xsd
http://www.mulesoft.org/schema/mule/api-platform-gw http://www.mulesoft.org/schema/mule/api-platform-gw/current/mule-api-platform-gw.xsd
http://www.mulesoft.org/schema/mule/apikit http://www.mulesoft.org/schema/mule/apikit/current/mule-apikit.xsd">
    <apikit:config name="Router" raml="AlexAPI.raml" consoleEnabled="false" consolePath="console" keepRamlBaseUri="false" doc:name="Router"/>
    <context:property-placeholder location="file:D:/SharedResources/mule_env-${MULE_ENV}.properties" />
    
    <http:listener-config name="HTTP_Listener_Configuration" host="0.0.0.0" port="4444" doc:name="HTTP Listener Configuration"/>
    <api-platform-gw:api apiName="AlexAPI" version="V2-${mule_env.environment}" flowRef="alexapiFlow" create="true" apikitRef="Router" doc:name="API Autodiscovery" doc:description="notes">
        <api-platform-gw:description>description</api-platform-gw:description>
    </api-platform-gw:api>
    <flow name="alexapiFlow">
        <http:listener config-ref="HTTP_Listener_Configuration" path="/AlexAPI/one" doc:name="HTTP"/>
        <set-payload value="#['TWO is ok'] #[server.host] log at ${mule_env.logs}" doc:name="Set Payload"/>
    </flow>
</mule>
